id_Site,Site,Trial,Temp,P,PET,P-ETP,Sampling depth,Clay,Silt,Sand,CaCO3,pH,C/N,Initial SOC content,Bulk density,Rock fragment,Experiment duration,Initial SOC stock,Mean SD,SOC stock change,SOC stock change rate
1,AOUS,AOUS_10,11.1,812,758,55,20,308,435,127,130,8.1,8.1,24.1,1.20,27,8,42.2,2.5,-2.0,-0.26
1,AOUS,AOUS_2,11.1,812,758,55,20,308,435,127,130,8.1,8.2,23.5,1.20,27,8,41.2,2.6,-0.1,-0.01
1,AOUS,AOUS_8,11.1,812,758,55,20,308,435,127,130,8.1,8.1,23.3,1.20,27,8,40.8,2.6,3.6,0.45
2,AUL,AUL_11,9.9,766,668,99,23,112,95,12,781,8.1,8.7,20.1,1.20,18,12,45.6,4.1,-1.9,-0.22
3,AUZ1,AUZ1_P0C0,13.5,654,943,-290,30,246,359,393,2,7.2,7.8,7.3,1.40,0,35,30.6,3.0,0.9,-0.01
3,AUZ1,AUZ1_P0C1,13.5,654,943,-290,30,270,332,364,34,8.3,7.8,8.8,1.40,0,35,37.0,2.1,0.6,0.01
3,AUZ1,AUZ1_P4C0,13.5,654,943,-290,30,267,348,382,3,7.4,8.1,8.1,1.40,0,35,34.0,2.0,2.6,0.04
3,AUZ1,AUZ1_P4C1,13.5,654,943,-290,30,283,330,362,26,8.0,7.8,8.8,1.40,0,35,37.1,1.0,2.6,0.08
4,BIG,BIG_P0K0,11.7,994,708,286,30,170,530,300,0,6.3,9.1,24.0,1.40,5,18,95.6,4.7,-16.3,-0.59
4,BIG,BIG_P2K1,11.7,994,708,286,30,170,530,300,0,6.2,9.1,23.3,1.40,5,18,93.1,4.3,-11.7,-0.50
5,BOIG_A,BOIG_A_CM1_L0,10.9,639,726,-87,29,248,672,80,0,6.8,9.0,10.3,1.42,0,41,42.3,1.7,3.6,0.10
5,BOIG_A,BOIG_A_CM1_L2,10.9,639,726,-87,28,248,672,80,0,6.8,9.0,10.4,1.46,0,41,42.5,2.0,2.0,0.01
5,BOIG_A,BOIG_A_CM2_L0,10.9,639,726,-87,29,248,672,80,0,6.8,9.0,10.3,1.42,0,41,42.3,2.0,3.6,0.11
5,BOIG_A,BOIG_A_CM2_L2,10.9,639,726,-87,28,248,672,80,0,6.8,9.0,10.4,1.46,0,41,42.5,1.8,6.0,0.09
5,BOIG_A,BOIG_A_CM3_L0,10.9,639,726,-87,29,248,672,80,0,6.8,8.9,10.3,1.42,0,41,42.3,2.6,0.0,0.04
5,BOIG_A,BOIG_A_CM3_L2,10.9,639,726,-87,28,248,672,80,0,6.8,8.9,10.4,1.46,0,41,42.5,2.4,0.9,0.07
5,BOIG_A,BOIG_A_CM4_L0,10.9,639,726,-87,29,248,672,80,0,6.8,8.8,10.3,1.42,0,41,42.3,2.1,-0.8,0.00
5,BOIG_A,BOIG_A_CM4_L2,10.9,639,726,-87,28,248,672,80,0,6.8,8.8,10.4,1.46,0,41,42.5,2.6,0.8,0.01
5,BOIG_A,BOIG_A_CM5_L0,10.9,639,726,-87,29,248,672,80,0,6.8,8.9,10.3,1.42,0,41,42.3,3.1,2.4,0.03
5,BOIG_A,BOIG_A_CM5_L2,10.9,639,726,-87,28,248,672,80,0,6.8,8.9,10.4,1.46,0,41,42.5,4.9,3.2,0.03
5,BOIG_A,BOIG_A_CM6_L0,10.9,639,726,-87,29,248,672,80,0,6.8,8.9,10.3,1.42,0,41,42.3,3.2,2.4,0.02
5,BOIG_A,BOIG_A_CM6_L2,10.9,639,726,-87,28,248,672,80,0,6.8,8.9,10.4,1.46,0,41,42.5,2.6,2.3,0.01
6,CREC3,CREC3_FB1,11.0,1152,666,486,30,151,540,309,0,6.0,11.1,17.0,1.36,10,22,62.5,3.5,1.4,-0.05
6,CREC3,CREC3_FB2,11.0,1152,666,486,30,151,540,309,0,6.1,10.2,16.7,1.36,10,22,61.3,2.5,7.1,0.30
6,CREC3,CREC3_Min,11.0,1152,666,486,30,151,540,309,0,6.0,10.3,16.9,1.36,10,22,62.0,2.6,-0.8,-0.04
7,DOA2,DOA2_K0,13.1,1125,741,384,25,72,403,525,0,6.4,10.6,7.2,1.40,0,12,25.1,3.5,-0.3,-0.03
7,DOA2,DOA2_K3E,13.1,1125,741,384,25,72,403,525,0,6.2,10.6,7.9,1.40,0,12,27.6,2.2,-0.9,-0.05
8,FAG,FAG_L01L12,10.7,644,682,-37,25,86,147,21,747,8.2,9.6,16.9,1.30,0,39,55.0,1.7,-3.5,-0.07
8,FAG,FAG_L05L07,10.7,644,682,-37,25,86,147,21,747,8.2,9.6,16.9,1.30,0,39,55.0,1.2,5.6,0.07
8,FAG,FAG_L06,10.7,644,682,-37,25,86,147,21,747,8.2,9.6,14.4,1.30,0,39,46.9,1.6,-12.5,-0.29
8,FAG,FAG_L09L11,10.7,644,682,-37,25,86,147,21,747,8.2,9.6,16.9,1.30,0,39,55.0,1.9,-0.1,-0.04
9,FEU ,FEU_Min,10.9,656,715,-60,29,152,781,67,0,6.9,10.1,10.7,1.32,0,15,40.9,1.3,-0.8,-0.07
9,FEU ,FEU_T0,10.9,656,715,-60,29,155,778,67,0,6.7,9.9,10.4,1.32,0,15,39.8,2.0,-4.0,-0.26
10,FOL,FOL_S2P0K0,11.0,670,739,-69,30,244,601,97,58,8.1,9.8,12.8,1.40,0,19,53.7,1.8,-0.8,-0.08
10,FOL,FOL_S2P2K2,11.0,670,739,-69,30,244,601,97,58,8.1,9.8,13.8,1.40,0,19,58.0,2.2,-2.3,-0.19
11,HESS,HESS_1,9.9,831,659,172,28,296,440,123,141,7.9,8.6,18.9,1.30,0,8,68.8,1.5,-3.2,-0.40
11,HESS,HESS_3,9.9,831,659,172,28,296,440,123,141,8.0,8.7,18.8,1.30,0,8,68.6,0.5,1.3,0.16
11,HESS,HESS_6,9.9,831,659,172,28,296,440,123,141,8.0,8.5,17.6,1.30,0,8,63.9,1.7,-1.5,-0.19
11,HESS,HESS_9,9.9,831,659,172,28,296,440,123,141,8.0,8.5,18.6,1.30,0,8,67.9,1.6,-10.2,-1.01
12,JEU2,JEU2_FB2,12.0,785,767,18,30,100,306,594,0,6.2,9.8,10.2,1.52,12,10,41.0,2.1,4.1,0.41
12,JEU2,JEU2_M0,12.0,785,767,18,30,100,306,594,0,6.3,9.7,12.1,1.52,12,10,48.5,2.2,-6.5,-0.65
13,KERB,KERB_A,11.9,1125,637,489,25,165,390,445,0,5.6,11.6,27.0,1.30,7,27,81.6,2.1,-24.0,-0.89
13,KERB,KERB_B,11.9,1125,637,489,25,162,391,447,0,5.8,11.3,27.0,1.30,7,27,81.7,1.4,-21.6,-0.78
13,KERB,KERB_C,11.9,1125,637,489,25,163,391,447,0,5.6,11.3,27.6,1.30,7,27,83.5,2.1,-18.9,-0.62
13,KERB,KERB_F,11.9,1125,637,489,25,177,384,439,0,5.7,11.1,27.5,1.30,7,27,83.2,1.9,-19.0,-0.73
13,KERB,KERB_G,11.9,1125,637,489,25,166,389,445,0,5.6,11.0,26.4,1.30,7,27,79.9,1.5,-14.8,-0.54
14,LAJA2,LAJA2_FB,12.6,740,692,49,22,214,528,259,0,7.0,9.0,14.7,1.37,30,14,31.0,2.3,-3.0,-0.21
14,LAJA2,LAJA2_FP,12.6,740,692,49,22,214,528,259,0,7.0,9.0,15.7,1.37,30,14,33.1,3.2,-4.5,-0.36
14,LAJA2,LAJA2_Min,12.6,740,692,49,22,214,528,259,0,6.8,9.1,15.4,1.37,30,14,32.4,2.3,-6.9,-0.47
15,MAN,MAN_P0,13.1,1111,747,364,28,94,554,349,3,7.6,9.4,10.0,1.40,0,17,39.1,2.0,-3.6,-0.19
15,MAN,MAN_P3,13.1,1111,747,364,28,94,554,349,3,7.6,9.6,9.8,1.40,0,17,38.4,1.3,-2.1,-0.11
16,POU,POU_B-1,10.7,690,664,26,26,286,664,45,6,7.5,8.4,15.8,1.40,3,11,55.7,2.0,-6.1,-0.75
16,POU,POU_B-3,10.7,690,664,26,26,286,664,45,6,7.5,8.4,15.8,1.40,3,11,55.7,2.2,-4.5,-0.54
17,ROUV,ROUV_5,10.0,637,645,-8,30,217,624,152,6,8.0,8.4,11.5,1.40,0,8,48.4,1.4,0.5,0.07
18,SATO-PK,SATO-PK_P2K2,12.6,909,947,-38,25,157,417,426,0,6.3,8.1,13.2,1.50,39,12,30.3,3.1,-3.8,-0.19
19,TART,TART_K0,13.4,1120,737,383,28,43,166,791,0,6.0,13.0,11.6,1.40,0,21,45.4,2.0,-8.6,-0.38
19,TART,TART_K2,13.4,1120,737,383,28,43,166,791,0,6.0,13.0,11.5,1.40,0,21,45.1,1.1,-8.0,-0.31
20,TREV1,TREV1_FB,11.3,1285,690,595,30,192,629,179,0,6.1,9.2,31.6,1.48,21,22,110.7,2.3,-11.6,-0.53
20,TREV1,TREV1_FP,11.3,1285,690,595,30,192,629,179,0,6.1,9.7,31.2,1.48,21,22,109.5,2.4,-8.8,-0.32
20,TREV1,TREV1_Min,11.3,1285,690,595,30,192,629,179,0,6.0,9.7,32.9,1.48,21,22,115.3,2.9,-21.2,-0.95
